Date,Close,Predictions,Stock,Model
2016-01-07,10100,,HAG,SkLearn
2016-01-08,10200,,HAG,SkLearn
2016-01-11,10900,,HAG,SkLearn
2016-01-12,11300,,HAG,SkLearn
2016-01-13,10900,,HAG,SkLearn
2016-01-14,10300,,HAG,SkLearn
2016-01-15,9900,,HAG,SkLearn
2016-01-18,9300,,HAG,SkLearn
2016-01-19,9600,,HAG,SkLearn
2016-01-20,9000,,HAG,SkLearn
2016-01-21,8400,,HAG,SkLearn
2016-01-22,7900,,HAG,SkLearn
2016-01-25,8400,,HAG,SkLearn
2016-01-26,8900,,HAG,SkLearn
2016-01-27,8800,,HAG,SkLearn
2016-01-28,8300,,HAG,SkLearn
2016-01-29,8200,,HAG,SkLearn
2016-02-01,8200,,HAG,SkLearn
2016-02-02,8000,,HAG,SkLearn
2016-02-03,7600,,HAG,SkLearn
2016-02-04,7700,,HAG,SkLearn
2016-02-05,7800,,HAG,SkLearn
2016-02-15,7800,,HAG,SkLearn
2016-02-16,7800,,HAG,SkLearn
2016-02-17,7800,,HAG,SkLearn
2016-02-18,7800,,HAG,SkLearn
2016-02-19,8300,,HAG,SkLearn
2016-02-22,8800,,HAG,SkLearn
2016-02-23,8900,,HAG,SkLearn
2016-02-24,9000,,HAG,SkLearn
2016-02-25,8700,,HAG,SkLearn
2016-02-26,8600,,HAG,SkLearn
2016-02-29,8100,,HAG,SkLearn
2016-03-01,8300,,HAG,SkLearn
2016-03-02,8300,,HAG,SkLearn
2016-03-03,7900,,HAG,SkLearn
2016-03-04,8200,,HAG,SkLearn
2016-03-07,8400,,HAG,SkLearn
2016-03-08,8200,,HAG,SkLearn
2016-03-09,8100,,HAG,SkLearn
2016-03-10,8500,,HAG,SkLearn
2016-03-11,8400,,HAG,SkLearn
2016-03-14,8400,,HAG,SkLearn
2016-03-15,8300,,HAG,SkLearn
2016-03-16,8500,,HAG,SkLearn
2016-03-17,8400,,HAG,SkLearn
2016-03-18,8400,,HAG,SkLearn
2016-03-21,8500,,HAG,SkLearn
2016-03-22,8500,,HAG,SkLearn
2016-03-23,8500,,HAG,SkLearn
2016-03-24,8300,,HAG,SkLearn
2016-03-25,8200,,HAG,SkLearn
2016-03-28,8200,,HAG,SkLearn
2016-03-29,8000,,HAG,SkLearn
2016-03-30,8100,,HAG,SkLearn
2016-03-31,7800,,HAG,SkLearn
2016-04-01,7700,,HAG,SkLearn
2016-04-04,7700,,HAG,SkLearn
2016-04-05,7800,,HAG,SkLearn
2016-04-06,7800,,HAG,SkLearn
2016-04-07,7700,,HAG,SkLearn
2016-04-08,7600,,HAG,SkLearn
2016-04-11,7400,,HAG,SkLearn
2016-04-12,6900,,HAG,SkLearn
2016-04-13,6700,,HAG,SkLearn
2016-04-14,7100,,HAG,SkLearn
2016-04-15,6900,,HAG,SkLearn
2016-04-19,6700,,HAG,SkLearn
2016-04-20,6700,,HAG,SkLearn
2016-04-21,6800,,HAG,SkLearn
2016-04-22,7000,,HAG,SkLearn
2016-04-25,7400,,HAG,SkLearn
2016-04-26,7900,,HAG,SkLearn
2016-04-27,8000,,HAG,SkLearn
2016-04-28,7900,,HAG,SkLearn
2016-04-29,8000,,HAG,SkLearn
2016-05-04,7500,,HAG,SkLearn
2016-05-05,7400,,HAG,SkLearn
2016-05-06,7500,,HAG,SkLearn
2016-05-09,7400,,HAG,SkLearn
2016-05-10,7400,,HAG,SkLearn
2016-05-11,7500,,HAG,SkLearn
2016-05-12,7500,,HAG,SkLearn
2016-05-13,7400,,HAG,SkLearn
2016-05-16,7400,,HAG,SkLearn
2016-05-17,7900,,HAG,SkLearn
2016-05-18,8400,,HAG,SkLearn
2016-05-19,8300,,HAG,SkLearn
2016-05-20,8000,,HAG,SkLearn
2016-05-23,8100,,HAG,SkLearn
2016-05-24,8000,,HAG,SkLearn
2016-05-25,8000,,HAG,SkLearn
2016-05-26,7700,,HAG,SkLearn
2016-05-27,7900,,HAG,SkLearn
2016-05-30,8000,,HAG,SkLearn
2016-05-31,7800,,HAG,SkLearn
2016-06-01,7900,,HAG,SkLearn
2016-06-02,8100,,HAG,SkLearn
2016-06-03,8100,,HAG,SkLearn
2016-06-06,8000,,HAG,SkLearn
2016-06-07,8000,,HAG,SkLearn
2016-06-08,8100,,HAG,SkLearn
2016-06-09,8100,,HAG,SkLearn
2016-06-10,7900,,HAG,SkLearn
2016-06-13,7700,,HAG,SkLearn
2016-06-14,7800,,HAG,SkLearn
2016-06-15,7900,,HAG,SkLearn
2016-06-16,7800,,HAG,SkLearn
2016-06-17,7600,,HAG,SkLearn
2016-06-20,7600,,HAG,SkLearn
2016-06-21,7600,,HAG,SkLearn
2016-06-22,7600,,HAG,SkLearn
2016-06-23,7700,,HAG,SkLearn
2016-06-24,7400,,HAG,SkLearn
2016-06-27,7100,,HAG,SkLearn
2016-06-28,7100,,HAG,SkLearn
2016-06-29,7300,,HAG,SkLearn
2016-06-30,7300,,HAG,SkLearn
2016-07-01,7400,,HAG,SkLearn
2016-07-04,7500,,HAG,SkLearn
2016-07-05,7300,,HAG,SkLearn
2016-07-06,7300,,HAG,SkLearn
2016-07-07,7200,,HAG,SkLearn
2016-07-08,7100,,HAG,SkLearn
2016-07-11,6800,,HAG,SkLearn
2016-07-12,6800,,HAG,SkLearn
2016-07-13,6900,,HAG,SkLearn
2016-07-14,6700,,HAG,SkLearn
2016-07-15,6700,,HAG,SkLearn
2016-07-18,6900,,HAG,SkLearn
2016-07-19,6800,,HAG,SkLearn
2016-07-20,6700,,HAG,SkLearn
2016-07-21,6600,,HAG,SkLearn
2016-07-22,6400,,HAG,SkLearn
2016-07-25,6800,,HAG,SkLearn
2016-07-26,6700,,HAG,SkLearn
2016-07-27,6600,,HAG,SkLearn
2016-07-28,6400,,HAG,SkLearn
2016-07-29,6400,,HAG,SkLearn
2016-08-01,6300,,HAG,SkLearn
2016-08-02,6100,,HAG,SkLearn
2016-08-03,5800,,HAG,SkLearn
2016-08-04,5400,,HAG,SkLearn
2016-08-05,5100,,HAG,SkLearn
2016-08-08,5300,,HAG,SkLearn
2016-08-09,5600,,HAG,SkLearn
2016-08-10,5900,,HAG,SkLearn
2016-08-11,6300,,HAG,SkLearn
2016-08-12,6500,,HAG,SkLearn
2016-08-15,6900,,HAG,SkLearn
2016-08-16,6800,,HAG,SkLearn
2016-08-17,6400,,HAG,SkLearn
2016-08-18,6000,,HAG,SkLearn
2016-08-19,6400,,HAG,SkLearn
2016-08-22,6300,,HAG,SkLearn
2016-08-23,6300,,HAG,SkLearn
2016-08-24,6200,,HAG,SkLearn
2016-08-25,6000,,HAG,SkLearn
2016-08-26,6400,,HAG,SkLearn
2016-08-29,6300,,HAG,SkLearn
2016-08-30,6300,,HAG,SkLearn
2016-08-31,6300,,HAG,SkLearn
2016-09-01,6000,,HAG,SkLearn
2016-09-05,5600,,HAG,SkLearn
2016-09-06,5800,,HAG,SkLearn
2016-09-07,5700,,HAG,SkLearn
2016-09-08,5700,,HAG,SkLearn
2016-09-09,5600,,HAG,SkLearn
2016-09-12,5400,,HAG,SkLearn
2016-09-13,5200,,HAG,SkLearn
2016-09-14,5200,,HAG,SkLearn
2016-09-15,5300,,HAG,SkLearn
2016-09-16,4930,,HAG,SkLearn
2016-09-19,5010,,HAG,SkLearn
2016-09-20,5070,,HAG,SkLearn
2016-09-21,5130,,HAG,SkLearn
2016-09-22,5140,,HAG,SkLearn
2016-09-23,5130,,HAG,SkLearn
2016-09-26,5150,,HAG,SkLearn
2016-09-27,5280,,HAG,SkLearn
2016-09-28,5310,,HAG,SkLearn
2016-09-29,5250,,HAG,SkLearn
2016-09-30,5250,,HAG,SkLearn
2016-10-03,5210,,HAG,SkLearn
2016-10-04,5150,,HAG,SkLearn
2016-10-05,5110,,HAG,SkLearn
2016-10-06,5140,,HAG,SkLearn
2016-10-07,5130,,HAG,SkLearn
2016-10-10,5130,,HAG,SkLearn
2016-10-11,5100,,HAG,SkLearn
2016-10-12,5160,,HAG,SkLearn
2016-10-13,5270,,HAG,SkLearn
2016-10-14,5630,,HAG,SkLearn
2016-10-17,5630,,HAG,SkLearn
2016-10-18,5390,,HAG,SkLearn
2016-10-19,5350,,HAG,SkLearn
2016-10-20,5350,,HAG,SkLearn
2016-10-21,5300,,HAG,SkLearn
2016-10-24,5270,,HAG,SkLearn
2016-10-25,5300,,HAG,SkLearn
2016-10-26,5250,,HAG,SkLearn
2016-10-27,5240,,HAG,SkLearn
2016-10-28,5370,,HAG,SkLearn
2016-10-31,5200,,HAG,SkLearn
2016-11-01,5100,,HAG,SkLearn
2016-11-02,5170,,HAG,SkLearn
2016-11-03,5120,,HAG,SkLearn
2016-11-04,5120,,HAG,SkLearn
2016-11-07,5130,,HAG,SkLearn
2016-11-08,5160,,HAG,SkLearn
2016-11-09,5130,,HAG,SkLearn
2016-11-10,5340,,HAG,SkLearn
2016-11-11,5500,,HAG,SkLearn
2016-11-14,5360,,HAG,SkLearn
2016-11-15,5360,,HAG,SkLearn
2016-11-16,5730,,HAG,SkLearn
2016-11-17,5800,,HAG,SkLearn
2016-11-18,5700,,HAG,SkLearn
2016-11-21,6040,,HAG,SkLearn
2016-11-22,6230,,HAG,SkLearn
2016-11-23,6200,,HAG,SkLearn
2016-11-24,6450,,HAG,SkLearn
2016-11-25,6330,,HAG,SkLearn
2016-11-28,6220,,HAG,SkLearn
2016-11-29,6210,,HAG,SkLearn
2016-11-30,5910,,HAG,SkLearn
2016-12-01,5900,,HAG,SkLearn
2016-12-02,5650,,HAG,SkLearn
2016-12-05,5650,,HAG,SkLearn
2016-12-06,5520,,HAG,SkLearn
2016-12-07,5520,,HAG,SkLearn
2016-12-08,5560,,HAG,SkLearn
2016-12-09,5530,,HAG,SkLearn
2016-12-12,5580,,HAG,SkLearn
2016-12-13,5400,,HAG,SkLearn
2016-12-14,5750,,HAG,SkLearn
2016-12-15,5730,,HAG,SkLearn
2016-12-16,5780,,HAG,SkLearn
2016-12-19,5900,,HAG,SkLearn
2016-12-20,5640,,HAG,SkLearn
2016-12-21,5610,,HAG,SkLearn
2016-12-22,5530,,HAG,SkLearn
2016-12-23,5510,,HAG,SkLearn
2016-12-26,5460,,HAG,SkLearn
2016-12-27,5350,,HAG,SkLearn
2016-12-28,5360,,HAG,SkLearn
2016-12-29,5360,,HAG,SkLearn
2016-12-30,5350,,HAG,SkLearn
2017-01-03,5350,,HAG,SkLearn
2017-01-04,5500,,HAG,SkLearn
2017-01-05,5400,,HAG,SkLearn
2017-01-06,5360,,HAG,SkLearn
2017-01-09,5230,,HAG,SkLearn
2017-01-10,5220,,HAG,SkLearn
2017-01-11,5180,,HAG,SkLearn
2017-01-12,5210,,HAG,SkLearn
2017-01-13,5080,,HAG,SkLearn
2017-01-16,5080,,HAG,SkLearn
2017-01-17,5060,,HAG,SkLearn
2017-01-18,4960,,HAG,SkLearn
2017-01-19,4970,,HAG,SkLearn
2017-01-20,5090,,HAG,SkLearn
2017-01-23,5420,,HAG,SkLearn
2017-01-24,5790,,HAG,SkLearn
2017-01-25,5600,,HAG,SkLearn
2017-02-02,5990,,HAG,SkLearn
2017-02-03,5840,,HAG,SkLearn
2017-02-06,5920,,HAG,SkLearn
2017-02-07,6090,,HAG,SkLearn
2017-02-08,6160,,HAG,SkLearn
2017-02-09,5950,,HAG,SkLearn
2017-02-10,6060,,HAG,SkLearn
2017-02-13,6240,,HAG,SkLearn
2017-02-14,6520,,HAG,SkLearn
2017-02-15,6800,,HAG,SkLearn
2017-02-16,7050,,HAG,SkLearn
2017-02-17,7240,,HAG,SkLearn
2017-02-20,7740,,HAG,SkLearn
2017-02-21,8200,,HAG,SkLearn
2017-02-22,8120,,HAG,SkLearn
2017-02-23,8140,,HAG,SkLearn
2017-02-24,7580,,HAG,SkLearn
2017-02-27,8110,,HAG,SkLearn
2017-02-28,8180,,HAG,SkLearn
2017-03-01,8150,,HAG,SkLearn
2017-03-02,7910,,HAG,SkLearn
2017-03-03,8050,,HAG,SkLearn
2017-03-06,8070,,HAG,SkLearn
2017-03-07,8010,,HAG,SkLearn
2017-03-08,8040,,HAG,SkLearn
2017-03-09,8300,,HAG,SkLearn
2017-03-10,8340,,HAG,SkLearn
2017-03-13,8210,,HAG,SkLearn
2017-03-14,8230,,HAG,SkLearn
2017-03-15,8290,,HAG,SkLearn
2017-03-16,8870,,HAG,SkLearn
2017-03-17,9100,,HAG,SkLearn
2017-03-20,9110,,HAG,SkLearn
2017-03-21,9320,,HAG,SkLearn
2017-03-22,9680,,HAG,SkLearn
2017-03-23,10100,,HAG,SkLearn
2017-03-24,9900,,HAG,SkLearn
2017-03-27,9900,,HAG,SkLearn
2017-03-28,9650,,HAG,SkLearn
2017-03-29,9200,,HAG,SkLearn
2017-03-30,9060,,HAG,SkLearn
2017-03-31,9150,,HAG,SkLearn
2017-04-03,9050,,HAG,SkLearn
2017-04-04,9600,,HAG,SkLearn
2017-04-05,9350,,HAG,SkLearn
2017-04-07,9250,,HAG,SkLearn
2017-04-10,9190,,HAG,SkLearn
2017-04-11,9140,,HAG,SkLearn
2017-04-12,8600,,HAG,SkLearn
2017-04-13,8600,,HAG,SkLearn
2017-04-14,8200,,HAG,SkLearn
2017-04-17,8120,,HAG,SkLearn
2017-04-18,8050,,HAG,SkLearn
2017-04-19,8070,,HAG,SkLearn
2017-04-20,8160,,HAG,SkLearn
2017-04-21,8290,,HAG,SkLearn
2017-04-24,8680,,HAG,SkLearn
2017-04-25,8530,,HAG,SkLearn
2017-04-26,8790,,HAG,SkLearn
2017-04-27,8710,,HAG,SkLearn
2017-04-28,8650,,HAG,SkLearn
2017-05-03,9000,,HAG,SkLearn
2017-05-04,9420,,HAG,SkLearn
2017-05-05,9100,,HAG,SkLearn
2017-05-08,8500,,HAG,SkLearn
2017-05-09,8900,,HAG,SkLearn
2017-05-10,8690,,HAG,SkLearn
2017-05-11,8520,,HAG,SkLearn
2017-05-12,8660,,HAG,SkLearn
2017-05-15,8810,,HAG,SkLearn
2017-05-16,8940,,HAG,SkLearn
2017-05-17,8960,,HAG,SkLearn
2017-05-18,8800,,HAG,SkLearn
2017-05-19,9000,,HAG,SkLearn
2017-05-22,9050,,HAG,SkLearn
2017-05-23,8900,,HAG,SkLearn
2017-05-24,8830,,HAG,SkLearn
2017-05-25,8800,,HAG,SkLearn
2017-05-26,9000,,HAG,SkLearn
2017-05-29,9080,,HAG,SkLearn
2017-05-30,8820,,HAG,SkLearn
2017-05-31,8700,,HAG,SkLearn
2017-06-01,8800,,HAG,SkLearn
2017-06-02,8920,,HAG,SkLearn
2017-06-05,8300,,HAG,SkLearn
2017-06-06,8580,,HAG,SkLearn
2017-06-07,8570,,HAG,SkLearn
2017-06-08,8220,,HAG,SkLearn
2017-06-09,8220,,HAG,SkLearn
2017-06-12,8360,,HAG,SkLearn
2017-06-13,8550,,HAG,SkLearn
2017-06-14,9140,,HAG,SkLearn
2017-06-15,9050,,HAG,SkLearn
2017-06-16,9170,,HAG,SkLearn
2017-06-19,9050,,HAG,SkLearn
2017-06-20,9060,,HAG,SkLearn
2017-06-21,9150,,HAG,SkLearn
2017-06-22,9560,,HAG,SkLearn
2017-06-23,9780,,HAG,SkLearn
2017-06-26,9700,,HAG,SkLearn
2017-06-27,9350,,HAG,SkLearn
2017-06-28,9490,,HAG,SkLearn
2017-06-29,9600,,HAG,SkLearn
2017-06-30,9480,,HAG,SkLearn
2017-07-03,9100,,HAG,SkLearn
2017-07-04,9220,,HAG,SkLearn
2017-07-05,9180,,HAG,SkLearn
2017-07-06,9100,,HAG,SkLearn
2017-07-07,9000,,HAG,SkLearn
2017-07-10,8800,,HAG,SkLearn
2017-07-11,9200,,HAG,SkLearn
2017-07-12,9250,,HAG,SkLearn
2017-07-13,9560,,HAG,SkLearn
2017-07-14,9400,,HAG,SkLearn
2017-07-17,9220,,HAG,SkLearn
2017-07-18,9070,,HAG,SkLearn
2017-07-19,9080,,HAG,SkLearn
2017-07-20,9100,,HAG,SkLearn
2017-07-21,9010,,HAG,SkLearn
2017-07-24,8990,,HAG,SkLearn
2017-07-25,8980,,HAG,SkLearn
2017-07-26,9100,,HAG,SkLearn
2017-07-27,9070,,HAG,SkLearn
2017-07-28,9200,,HAG,SkLearn
2017-07-31,9410,,HAG,SkLearn
2017-08-01,9450,,HAG,SkLearn
2017-08-02,9250,,HAG,SkLearn
2017-08-03,9220,,HAG,SkLearn
2017-08-04,9130,,HAG,SkLearn
2017-08-07,9150,,HAG,SkLearn
2017-08-08,9080,,HAG,SkLearn
2017-08-09,8990,,HAG,SkLearn
2017-08-10,8950,,HAG,SkLearn
2017-08-11,8800,,HAG,SkLearn
2017-08-14,8900,,HAG,SkLearn
2017-08-15,8900,,HAG,SkLearn
2017-08-16,8890,,HAG,SkLearn
2017-08-17,8400,,HAG,SkLearn
2017-08-18,8400,,HAG,SkLearn
2017-08-21,8600,,HAG,SkLearn
2017-08-22,8520,,HAG,SkLearn
2017-08-23,8350,,HAG,SkLearn
2017-08-24,8450,,HAG,SkLearn
2017-08-25,8480,,HAG,SkLearn
2017-08-28,8400,,HAG,SkLearn
2017-08-29,8590,,HAG,SkLearn
2017-08-30,8590,,HAG,SkLearn
2017-08-31,8490,,HAG,SkLearn
2017-09-01,8420,,HAG,SkLearn
2017-09-05,8390,,HAG,SkLearn
2017-09-06,8310,,HAG,SkLearn
2017-09-07,8420,,HAG,SkLearn
2017-09-08,8410,,HAG,SkLearn
2017-09-11,8320,,HAG,SkLearn
2017-09-12,8260,,HAG,SkLearn
2017-09-13,8310,,HAG,SkLearn
2017-09-14,8350,,HAG,SkLearn
2017-09-15,8370,,HAG,SkLearn
2017-09-18,8330,,HAG,SkLearn
2017-09-19,8280,,HAG,SkLearn
2017-09-20,8350,,HAG,SkLearn
2017-09-21,8400,,HAG,SkLearn
2017-09-22,8400,,HAG,SkLearn
2017-09-25,8360,,HAG,SkLearn
2017-09-26,8800,,HAG,SkLearn
2017-09-27,8690,,HAG,SkLearn
2017-09-28,8530,,HAG,SkLearn
2017-09-29,8400,,HAG,SkLearn
2017-10-02,8350,,HAG,SkLearn
2017-10-03,8250,,HAG,SkLearn
2017-10-04,8380,,HAG,SkLearn
2017-10-05,8300,,HAG,SkLearn
2017-10-06,8290,,HAG,SkLearn
2017-10-09,8340,,HAG,SkLearn
2017-10-10,8310,,HAG,SkLearn
2017-10-11,8320,,HAG,SkLearn
2017-10-12,8270,,HAG,SkLearn
2017-10-13,8280,,HAG,SkLearn
2017-10-16,8330,,HAG,SkLearn
2017-10-17,8290,,HAG,SkLearn
2017-10-18,8180,,HAG,SkLearn
2017-10-19,8180,,HAG,SkLearn
2017-10-20,8100,,HAG,SkLearn
2017-10-23,7740,,HAG,SkLearn
2017-10-24,7770,,HAG,SkLearn
2017-10-25,7910,,HAG,SkLearn
2017-10-26,7700,,HAG,SkLearn
2017-10-27,7550,,HAG,SkLearn
2017-10-30,7750,,HAG,SkLearn
2017-10-31,8020,,HAG,SkLearn
2017-11-01,8080,,HAG,SkLearn
2017-11-02,7520,,HAG,SkLearn
2017-11-03,7040,,HAG,SkLearn
2017-11-06,7290,,HAG,SkLearn
2017-11-07,7300,,HAG,SkLearn
2017-11-08,7320,,HAG,SkLearn
2017-11-09,7300,,HAG,SkLearn
2017-11-10,7440,,HAG,SkLearn
2017-11-13,7380,,HAG,SkLearn
2017-11-14,7220,,HAG,SkLearn
2017-11-15,7220,,HAG,SkLearn
2017-11-16,7720,,HAG,SkLearn
2017-11-17,7810,,HAG,SkLearn
2017-11-20,7670,,HAG,SkLearn
2017-11-21,7510,,HAG,SkLearn
2017-11-22,7520,,HAG,SkLearn
2017-11-23,7510,,HAG,SkLearn
2017-11-24,7690,,HAG,SkLearn
2017-11-27,7750,,HAG,SkLearn
2017-11-28,7820,,HAG,SkLearn
2017-11-29,7700,,HAG,SkLearn
2017-11-30,7730,,HAG,SkLearn
2017-12-01,7620,,HAG,SkLearn
2017-12-04,7510,,HAG,SkLearn
2017-12-05,7540,,HAG,SkLearn
2017-12-06,7700,,HAG,SkLearn
2017-12-07,7830,,HAG,SkLearn
2017-12-08,7730,,HAG,SkLearn
2017-12-11,7520,,HAG,SkLearn
2017-12-12,7310,,HAG,SkLearn
2017-12-13,7320,,HAG,SkLearn
2017-12-14,7380,,HAG,SkLearn
2017-12-15,7360,,HAG,SkLearn
2017-12-18,7720,,HAG,SkLearn
2017-12-19,7500,,HAG,SkLearn
2017-12-20,7510,,HAG,SkLearn
2017-12-21,7350,,HAG,SkLearn
2017-12-22,7410,,HAG,SkLearn
2017-12-25,7300,,HAG,SkLearn
2017-12-26,7400,,HAG,SkLearn
2017-12-27,7400,,HAG,SkLearn
2017-12-28,7450,,HAG,SkLearn
2017-12-29,7350,,HAG,SkLearn
2018-01-02,7250,,HAG,SkLearn
2018-01-03,7310,,HAG,SkLearn
2018-01-04,7460,,HAG,SkLearn
2018-01-05,7700,,HAG,SkLearn
2018-01-08,7670,,HAG,SkLearn
2018-01-09,7550,,HAG,SkLearn
2018-01-10,7630,,HAG,SkLearn
2018-01-11,7500,,HAG,SkLearn
2018-01-12,7500,,HAG,SkLearn
2018-01-15,7630,,HAG,SkLearn
2018-01-16,8160,,HAG,SkLearn
2018-01-17,8160,,HAG,SkLearn
2018-01-18,8300,,HAG,SkLearn
2018-01-19,8150,,HAG,SkLearn
2018-01-22,7940,,HAG,SkLearn
2018-01-23,7940,,HAG,SkLearn
2018-01-24,7940,,HAG,SkLearn
2018-01-25,8490,,HAG,SkLearn
2018-01-26,8400,,HAG,SkLearn
2018-01-29,8300,,HAG,SkLearn
2018-01-30,8090,,HAG,SkLearn
2018-01-31,8200,,HAG,SkLearn
2018-02-01,8050,,HAG,SkLearn
2018-02-02,8050,,HAG,SkLearn
2018-02-05,7490,,HAG,SkLearn
2018-02-06,6970,,HAG,SkLearn
2018-02-07,7110,,HAG,SkLearn
2018-02-08,6620,,HAG,SkLearn
2018-02-09,6500,,HAG,SkLearn
2018-02-12,6150,,HAG,SkLearn
2018-02-13,6500,,HAG,SkLearn
2018-02-21,6520,,HAG,SkLearn
2018-02-22,6300,,HAG,SkLearn
2018-02-23,6350,,HAG,SkLearn
2018-02-26,6200,,HAG,SkLearn
2018-02-27,6400,,HAG,SkLearn
2018-02-28,6220,,HAG,SkLearn
2018-03-01,6250,,HAG,SkLearn
2018-03-02,6290,,HAG,SkLearn
2018-03-05,6320,,HAG,SkLearn
2018-03-06,6760,,HAG,SkLearn
2018-03-07,6990,,HAG,SkLearn
2018-03-08,6910,,HAG,SkLearn
2018-03-09,7080,,HAG,SkLearn
2018-03-12,7090,,HAG,SkLearn
2018-03-13,7150,,HAG,SkLearn
2018-03-14,7410,,HAG,SkLearn
2018-03-15,7410,,HAG,SkLearn
2018-03-16,7280,,HAG,SkLearn
2018-03-19,6900,,HAG,SkLearn
2018-03-20,6940,,HAG,SkLearn
2018-03-21,7000,,HAG,SkLearn
2018-03-22,7190,,HAG,SkLearn
2018-03-23,7000,,HAG,SkLearn
2018-03-26,6960,,HAG,SkLearn
2018-03-27,6820,,HAG,SkLearn
2018-03-28,6700,,HAG,SkLearn
2018-03-29,6700,,HAG,SkLearn
2018-03-30,6610,,HAG,SkLearn
2018-04-02,6150,,HAG,SkLearn
2018-04-03,6430,,HAG,SkLearn
2018-04-04,6300,,HAG,SkLearn
2018-04-05,6250,,HAG,SkLearn
2018-04-06,6190,,HAG,SkLearn
2018-04-09,6050,,HAG,SkLearn
2018-04-10,5750,,HAG,SkLearn
2018-04-11,5430,,HAG,SkLearn
2018-04-12,5280,,HAG,SkLearn
2018-04-13,5480,,HAG,SkLearn
2018-04-16,5700,,HAG,SkLearn
2018-04-17,5800,,HAG,SkLearn
2018-04-18,5670,,HAG,SkLearn
2018-04-19,5490,,HAG,SkLearn
2018-04-20,5510,,HAG,SkLearn
2018-04-23,5330,,HAG,SkLearn
2018-04-24,5400,,HAG,SkLearn
2018-04-26,5400,,HAG,SkLearn
2018-04-27,5300,,HAG,SkLearn
2018-05-02,4930,,HAG,SkLearn
2018-05-03,4820,,HAG,SkLearn
2018-05-04,5150,,HAG,SkLearn
2018-05-07,5200,,HAG,SkLearn
2018-05-08,5280,,HAG,SkLearn
2018-05-09,5250,,HAG,SkLearn
2018-05-10,5100,,HAG,SkLearn
2018-05-11,5200,,HAG,SkLearn
2018-05-14,5140,,HAG,SkLearn
2018-05-15,5160,,HAG,SkLearn
2018-05-16,5200,,HAG,SkLearn
2018-05-17,5250,,HAG,SkLearn
2018-05-18,5260,,HAG,SkLearn
2018-05-21,5250,,HAG,SkLearn
2018-05-22,5050,,HAG,SkLearn
2018-05-23,5000,,HAG,SkLearn
2018-05-24,4900,,HAG,SkLearn
2018-05-25,4750,,HAG,SkLearn
2018-05-28,4420,,HAG,SkLearn
2018-05-29,4490,,HAG,SkLearn
2018-05-30,4430,,HAG,SkLearn
2018-05-31,4460,,HAG,SkLearn
2018-06-01,4500,,HAG,SkLearn
2018-06-04,4620,,HAG,SkLearn
2018-06-05,4730,,HAG,SkLearn
2018-06-06,4660,,HAG,SkLearn
2018-06-07,4780,,HAG,SkLearn
2018-06-08,4790,,HAG,SkLearn
2018-06-11,4610,,HAG,SkLearn
2018-06-12,4450,,HAG,SkLearn
2018-06-13,4490,,HAG,SkLearn
2018-06-14,4650,,HAG,SkLearn
2018-06-15,4690,,HAG,SkLearn
2018-06-18,5010,,HAG,SkLearn
2018-06-19,4760,,HAG,SkLearn
2018-06-20,4770,,HAG,SkLearn
2018-06-21,4770,,HAG,SkLearn
2018-06-22,4700,,HAG,SkLearn
2018-06-25,4840,,HAG,SkLearn
2018-06-26,5070,,HAG,SkLearn
2018-06-27,5130,,HAG,SkLearn
2018-06-28,5000,,HAG,SkLearn
2018-06-29,5210,,HAG,SkLearn
2018-07-02,5200,,HAG,SkLearn
2018-07-03,5050,,HAG,SkLearn
2018-07-04,4880,,HAG,SkLearn
2018-07-05,4990,,HAG,SkLearn
2018-07-06,5190,,HAG,SkLearn
2018-07-09,5000,,HAG,SkLearn
2018-07-10,4970,,HAG,SkLearn
2018-07-11,4880,,HAG,SkLearn
2018-07-12,5000,,HAG,SkLearn
2018-07-13,5350,,HAG,SkLearn
2018-07-16,5720,,HAG,SkLearn
2018-07-17,5930,,HAG,SkLearn
2018-07-18,6330,,HAG,SkLearn
2018-07-19,6260,,HAG,SkLearn
2018-07-20,6190,,HAG,SkLearn
2018-07-23,6620,,HAG,SkLearn
2018-07-24,7080,,HAG,SkLearn
2018-07-25,7120,,HAG,SkLearn
2018-07-26,6630,,HAG,SkLearn
2018-07-27,7090,,HAG,SkLearn
2018-07-30,7580,,HAG,SkLearn
2018-07-31,7620,,HAG,SkLearn
2018-08-01,7100,,HAG,SkLearn
2018-08-02,6900,,HAG,SkLearn
2018-08-03,7150,,HAG,SkLearn
2018-08-06,7230,,HAG,SkLearn
2018-08-07,6820,,HAG,SkLearn
2018-08-08,6950,,HAG,SkLearn
2018-08-09,7430,,HAG,SkLearn
2018-08-10,7530,,HAG,SkLearn
2018-08-13,7400,,HAG,SkLearn
2018-08-14,7290,,HAG,SkLearn
2018-08-15,7000,,HAG,SkLearn
2018-08-16,6700,,HAG,SkLearn
2018-08-17,6670,,HAG,SkLearn
2018-08-20,7120,,HAG,SkLearn
2018-08-21,7130,,HAG,SkLearn
2018-08-22,7010,,HAG,SkLearn
2018-08-23,7000,,HAG,SkLearn
2018-08-24,6900,,HAG,SkLearn
2018-08-27,6800,,HAG,SkLearn
2018-08-28,6900,,HAG,SkLearn
2018-08-29,6990,,HAG,SkLearn
2018-08-30,6890,,HAG,SkLearn
2018-08-31,6790,,HAG,SkLearn
2018-09-04,6600,,HAG,SkLearn
2018-09-05,6500,,HAG,SkLearn
2018-09-06,6090,,HAG,SkLearn
2018-09-07,5890,,HAG,SkLearn
2018-09-10,5900,,HAG,SkLearn
2018-09-11,6310,,HAG,SkLearn
2018-09-12,6180,,HAG,SkLearn
2018-09-13,6150,,HAG,SkLearn
2018-09-14,6110,,HAG,SkLearn
2018-09-17,5960,,HAG,SkLearn
2018-09-18,5970,,HAG,SkLearn
2018-09-19,5980,,HAG,SkLearn
2018-09-20,6000,,HAG,SkLearn
2018-09-21,6100,,HAG,SkLearn
2018-09-24,6100,,HAG,SkLearn
2018-09-25,6060,,HAG,SkLearn
2018-09-26,6150,,HAG,SkLearn
2018-09-27,6160,,HAG,SkLearn
2018-09-28,6130,,HAG,SkLearn
2018-10-01,6060,,HAG,SkLearn
2018-10-02,5990,,HAG,SkLearn
2018-10-03,5970,,HAG,SkLearn
2018-10-04,5990,,HAG,SkLearn
2018-10-05,5900,,HAG,SkLearn
2018-10-08,5820,,HAG,SkLearn
2018-10-09,5650,,HAG,SkLearn
2018-10-10,5600,,HAG,SkLearn
2018-10-11,5210,,HAG,SkLearn
2018-10-12,5330,,HAG,SkLearn
2018-10-15,5210,,HAG,SkLearn
2018-10-16,5250,,HAG,SkLearn
2018-10-17,5170,,HAG,SkLearn
2018-10-18,5100,,HAG,SkLearn
2018-10-19,5280,,HAG,SkLearn
2018-10-22,5220,,HAG,SkLearn
2018-10-23,5050,,HAG,SkLearn
2018-10-24,5000,,HAG,SkLearn
2018-10-25,4900,,HAG,SkLearn
2018-10-26,4750,,HAG,SkLearn
2018-10-29,4760,,HAG,SkLearn
2018-10-30,4950,,HAG,SkLearn
2018-10-31,5080,,HAG,SkLearn
2018-11-01,5080,,HAG,SkLearn
2018-11-02,5190,,HAG,SkLearn
2018-11-05,5200,,HAG,SkLearn
2018-11-06,5220,,HAG,SkLearn
2018-11-07,5250,,HAG,SkLearn
2018-11-08,5460,,HAG,SkLearn
2018-11-09,5440,,HAG,SkLearn
2018-11-12,5490,,HAG,SkLearn
2018-11-13,5400,,HAG,SkLearn
2018-11-14,5400,,HAG,SkLearn
2018-11-15,5490,,HAG,SkLearn
2018-11-16,5590,,HAG,SkLearn
2018-11-19,5600,,HAG,SkLearn
2018-11-20,5550,,HAG,SkLearn
2018-11-21,5550,,HAG,SkLearn
2018-11-22,5490,,HAG,SkLearn
2018-11-23,5250,,HAG,SkLearn
2018-11-26,5250,,HAG,SkLearn
2018-11-27,5210,,HAG,SkLearn
2018-11-28,5170,,HAG,SkLearn
2018-11-29,5050,,HAG,SkLearn
2018-11-30,5150,,HAG,SkLearn
2018-12-03,5150,,HAG,SkLearn
2018-12-04,5250,,HAG,SkLearn
2018-12-05,5180,,HAG,SkLearn
2018-12-06,5170,,HAG,SkLearn
2018-12-07,5200,,HAG,SkLearn
2018-12-10,5180,,HAG,SkLearn
2018-12-11,5170,,HAG,SkLearn
2018-12-12,5190,,HAG,SkLearn
2018-12-13,5200,,HAG,SkLearn
2018-12-14,5180,,HAG,SkLearn
2018-12-17,5100,,HAG,SkLearn
2018-12-18,5200,,HAG,SkLearn
2018-12-19,5190,,HAG,SkLearn
2018-12-20,5090,,HAG,SkLearn
2018-12-21,5050,,HAG,SkLearn
2018-12-24,5050,,HAG,SkLearn
2018-12-25,4880,,HAG,SkLearn
2018-12-26,4880,,HAG,SkLearn
2018-12-27,4940,,HAG,SkLearn
2018-12-28,4880,,HAG,SkLearn
2019-01-02,4780,,HAG,SkLearn
2019-01-03,4680,,HAG,SkLearn
2019-01-04,4660,,HAG,SkLearn
2019-01-07,4660,,HAG,SkLearn
2019-01-08,4750,,HAG,SkLearn
2019-01-09,4710,,HAG,SkLearn
2019-01-10,4860,,HAG,SkLearn
2019-01-11,5080,,HAG,SkLearn
2019-01-14,5070,,HAG,SkLearn
2019-01-15,5070,,HAG,SkLearn
2019-01-16,5110,,HAG,SkLearn
2019-01-17,5030,,HAG,SkLearn
2019-01-18,4990,,HAG,SkLearn
2019-01-21,4950,,HAG,SkLearn
2019-01-22,4980,,HAG,SkLearn
2019-01-23,5000,,HAG,SkLearn
2019-01-24,4990,,HAG,SkLearn
2019-01-25,5000,,HAG,SkLearn
2019-01-28,5000,,HAG,SkLearn
2019-01-29,4930,,HAG,SkLearn
2019-01-30,5000,,HAG,SkLearn
2019-01-31,5000,,HAG,SkLearn
2019-02-01,5000,,HAG,SkLearn
2019-02-11,4960,,HAG,SkLearn
2019-02-12,5300,,HAG,SkLearn
2019-02-13,5320,,HAG,SkLearn
2019-02-14,5200,,HAG,SkLearn
2019-02-15,5170,,HAG,SkLearn
2019-02-18,5440,,HAG,SkLearn
2019-02-19,5440,,HAG,SkLearn
2019-02-20,5330,,HAG,SkLearn
2019-02-21,5410,,HAG,SkLearn
2019-02-22,5490,,HAG,SkLearn
2019-02-25,5500,,HAG,SkLearn
2019-02-26,5660,,HAG,SkLearn
2019-02-27,5690,,HAG,SkLearn
2019-02-28,5520,,HAG,SkLearn
2019-03-01,5650,,HAG,SkLearn
2019-03-04,6040,,HAG,SkLearn
2019-03-05,6080,,HAG,SkLearn
2019-03-06,6150,,HAG,SkLearn
2019-03-07,6070,,HAG,SkLearn
2019-03-08,5870,,HAG,SkLearn
2019-03-11,5760,,HAG,SkLearn
2019-03-12,5800,,HAG,SkLearn
2019-03-13,5800,,HAG,SkLearn
2019-03-14,5830,,HAG,SkLearn
2019-03-15,5770,,HAG,SkLearn
2019-03-18,5540,,HAG,SkLearn
2019-03-19,5550,,HAG,SkLearn
2019-03-20,5520,,HAG,SkLearn
2019-03-21,5200,,HAG,SkLearn
2019-03-22,5250,,HAG,SkLearn
2019-03-25,5610,,HAG,SkLearn
2019-03-26,5870,,HAG,SkLearn
2019-03-27,5610,,HAG,SkLearn
2019-03-28,5560,,HAG,SkLearn
2019-03-29,5560,,HAG,SkLearn
2019-04-01,5460,,HAG,SkLearn
2019-04-02,5440,,HAG,SkLearn
2019-04-03,5390,,HAG,SkLearn
2019-04-04,5420,,HAG,SkLearn
2019-04-05,5420,,HAG,SkLearn
2019-04-08,5520,,HAG,SkLearn
2019-04-09,5410,,HAG,SkLearn
2019-04-10,5240,,HAG,SkLearn
2019-04-11,5220,,HAG,SkLearn
2019-04-12,5270,,HAG,SkLearn
2019-04-16,5290,,HAG,SkLearn
2019-04-17,5380,,HAG,SkLearn
2019-04-18,5300,,HAG,SkLearn
2019-04-19,5300,,HAG,SkLearn
2019-04-22,5310,,HAG,SkLearn
2019-04-23,5300,,HAG,SkLearn
2019-04-24,5390,,HAG,SkLearn
2019-04-25,5550,,HAG,SkLearn
2019-04-26,5470,,HAG,SkLearn
2019-05-02,5370,,HAG,SkLearn
2019-05-03,5280,,HAG,SkLearn
2019-05-06,5170,,HAG,SkLearn
2019-05-07,5180,,HAG,SkLearn
2019-05-08,5110,,HAG,SkLearn
2019-05-09,5060,,HAG,SkLearn
2019-05-10,5090,,HAG,SkLearn
2019-05-13,5100,,HAG,SkLearn
2019-05-14,5090,,HAG,SkLearn
2019-05-15,5140,,HAG,SkLearn
2019-05-16,5300,,HAG,SkLearn
2019-05-17,5200,,HAG,SkLearn
2019-05-20,5160,,HAG,SkLearn
2019-05-21,5150,,HAG,SkLearn
2019-05-22,5160,,HAG,SkLearn
2019-05-23,5160,,HAG,SkLearn
2019-05-24,5160,,HAG,SkLearn
2019-05-27,5160,,HAG,SkLearn
2019-05-28,5160,,HAG,SkLearn
2019-05-29,5120,,HAG,SkLearn
2019-05-30,5100,,HAG,SkLearn
2019-05-31,5070,,HAG,SkLearn
2019-06-03,5020,,HAG,SkLearn
2019-06-04,4900,,HAG,SkLearn
2019-06-05,4940,,HAG,SkLearn
2019-06-06,4910,,HAG,SkLearn
2019-06-07,4980,,HAG,SkLearn
2019-06-10,5010,,HAG,SkLearn
2019-06-11,4990,,HAG,SkLearn
2019-06-12,4950,,HAG,SkLearn
2019-06-13,4970,,HAG,SkLearn
2019-06-14,4970,,HAG,SkLearn
2019-06-17,5000,,HAG,SkLearn
2019-06-18,4970,,HAG,SkLearn
2019-06-19,5150,,HAG,SkLearn
2019-06-20,5130,,HAG,SkLearn
2019-06-21,5090,,HAG,SkLearn
2019-06-24,5110,,HAG,SkLearn
2019-06-25,5290,,HAG,SkLearn
2019-06-26,5300,,HAG,SkLearn
2019-06-27,5240,,HAG,SkLearn
2019-06-28,5350,,HAG,SkLearn
2019-07-01,5320,,HAG,SkLearn
2019-07-02,5330,,HAG,SkLearn
2019-07-03,5420,,HAG,SkLearn
2019-07-04,5470,,HAG,SkLearn
2019-07-05,5430,,HAG,SkLearn
2019-07-08,5490,,HAG,SkLearn
2019-07-09,5610,,HAG,SkLearn
2019-07-10,5620,,HAG,SkLearn
2019-07-11,5700,,HAG,SkLearn
2019-07-12,5600,,HAG,SkLearn
2019-07-15,5400,,HAG,SkLearn
2019-07-16,5310,,HAG,SkLearn
2019-07-17,5350,,HAG,SkLearn
2019-07-18,5380,,HAG,SkLearn
2019-07-19,5280,,HAG,SkLearn
2019-07-22,5300,,HAG,SkLearn
2019-07-23,5260,,HAG,SkLearn
2019-07-24,5240,,HAG,SkLearn
2019-07-25,5210,,HAG,SkLearn
2019-07-26,5140,,HAG,SkLearn
2019-07-29,5080,,HAG,SkLearn
2019-07-30,5230,,HAG,SkLearn
2019-07-31,5080,,HAG,SkLearn
2019-08-01,4950,,HAG,SkLearn
2019-08-02,4820,,HAG,SkLearn
2019-08-05,5050,,HAG,SkLearn
2019-08-06,5020,,HAG,SkLearn
2019-08-07,5000,,HAG,SkLearn
2019-08-08,5010,,HAG,SkLearn
2019-08-09,5050,,HAG,SkLearn
2019-08-12,5050,,HAG,SkLearn
2019-08-13,4980,,HAG,SkLearn
2019-08-14,5000,,HAG,SkLearn
2019-08-15,4920,,HAG,SkLearn
2019-08-16,4900,,HAG,SkLearn
2019-08-19,4790,,HAG,SkLearn
2019-08-20,4880,,HAG,SkLearn
2019-08-21,4880,,HAG,SkLearn
2019-08-22,4880,,HAG,SkLearn
2019-08-23,4900,,HAG,SkLearn
2019-08-26,4810,,HAG,SkLearn
2019-08-27,4810,,HAG,SkLearn
2019-08-28,4800,,HAG,SkLearn
2019-08-29,4820,,HAG,SkLearn
2019-08-30,4860,,HAG,SkLearn
2019-09-03,4810,,HAG,SkLearn
2019-09-04,4830,,HAG,SkLearn
2019-09-05,4810,,HAG,SkLearn
2019-09-06,4770,,HAG,SkLearn
2019-09-09,4790,,HAG,SkLearn
2019-09-10,4770,,HAG,SkLearn
2019-09-11,4760,,HAG,SkLearn
2019-09-12,4790,,HAG,SkLearn
2019-09-13,4700,,HAG,SkLearn
2019-09-16,4600,,HAG,SkLearn
2019-09-17,4490,,HAG,SkLearn
2019-09-18,4540,,HAG,SkLearn
2019-09-19,4520,,HAG,SkLearn
2019-09-20,4460,,HAG,SkLearn
2019-09-23,4470,,HAG,SkLearn
2019-09-24,4560,,HAG,SkLearn
2019-09-25,4500,,HAG,SkLearn
2019-09-26,4530,,HAG,SkLearn
2019-09-27,4500,,HAG,SkLearn
2019-09-30,4490,,HAG,SkLearn
2019-10-01,4550,,HAG,SkLearn
2019-10-02,4620,,HAG,SkLearn
2019-10-03,4640,,HAG,SkLearn
2019-10-04,4570,,HAG,SkLearn
2019-10-07,4500,,HAG,SkLearn
2019-10-08,4480,,HAG,SkLearn
2019-10-09,4480,,HAG,SkLearn
2019-10-10,4460,,HAG,SkLearn
2019-10-11,4460,,HAG,SkLearn
2019-10-14,4390,,HAG,SkLearn
2019-10-15,4300,,HAG,SkLearn
2019-10-16,4160,,HAG,SkLearn
2019-10-17,4290,,HAG,SkLearn
2019-10-18,4340,,HAG,SkLearn
2019-10-21,4280,,HAG,SkLearn
2019-10-22,4460,,HAG,SkLearn
2019-10-23,4370,,HAG,SkLearn
2019-10-24,4430,,HAG,SkLearn
2019-10-25,4360,,HAG,SkLearn
2019-10-28,4360,,HAG,SkLearn
2019-10-29,4300,,HAG,SkLearn
2019-10-30,4290,,HAG,SkLearn
2019-10-31,4220,,HAG,SkLearn
2019-11-01,4230,,HAG,SkLearn
2019-11-04,4290,,HAG,SkLearn
2019-11-05,4240,,HAG,SkLearn
2019-11-06,4150,,HAG,SkLearn
2019-11-07,4150,,HAG,SkLearn
2019-11-08,4180,,HAG,SkLearn
2019-11-11,4170,,HAG,SkLearn
2019-11-12,4140,,HAG,SkLearn
2019-11-13,4070,,HAG,SkLearn
2019-11-14,4080,,HAG,SkLearn
2019-11-15,4010,,HAG,SkLearn
2019-11-18,3980,,HAG,SkLearn
2019-11-19,4100,,HAG,SkLearn
2019-11-20,4050,,HAG,SkLearn
2019-11-21,4050,,HAG,SkLearn
2019-11-22,4000,,HAG,SkLearn
2019-11-25,3900,,HAG,SkLearn
2019-11-26,3910,,HAG,SkLearn
2019-11-27,3960,,HAG,SkLearn
2019-11-28,3940,,HAG,SkLearn
2019-11-29,3850,,HAG,SkLearn
2019-12-02,3630,,HAG,SkLearn
2019-12-03,3610,,HAG,SkLearn
2019-12-04,3630,,HAG,SkLearn
2019-12-05,3700,,HAG,SkLearn
2019-12-06,3720,,HAG,SkLearn
2019-12-09,3860,,HAG,SkLearn
2019-12-10,3900,,HAG,SkLearn
2019-12-11,4040,,HAG,SkLearn
2019-12-12,3970,,HAG,SkLearn
2019-12-13,3950,,HAG,SkLearn
2019-12-16,3960,,HAG,SkLearn
2019-12-17,4030,,HAG,SkLearn
2019-12-18,4040,,HAG,SkLearn
2019-12-19,3950,,HAG,SkLearn
2019-12-20,3960,,HAG,SkLearn
2019-12-23,4000,,HAG,SkLearn
2019-12-24,4010,,HAG,SkLearn
2019-12-25,3960,,HAG,SkLearn
2019-12-26,4080,,HAG,SkLearn
2019-12-27,4050,,HAG,SkLearn
2019-12-30,4020,,HAG,SkLearn
2019-12-31,3980,,HAG,SkLearn
2020-01-02,4050,,HAG,SkLearn
2020-01-03,4150,,HAG,SkLearn
2020-01-06,4090,,HAG,SkLearn
2020-01-07,4110,,HAG,SkLearn
2020-01-08,3910,,HAG,SkLearn
2020-01-09,4100,,HAG,SkLearn
2020-01-10,4080,,HAG,SkLearn
2020-01-13,4000,,HAG,SkLearn
2020-01-14,3940,,HAG,SkLearn
2020-01-15,3900,,HAG,SkLearn
2020-01-16,3840,,HAG,SkLearn
2020-01-17,3880,,HAG,SkLearn
2020-01-20,3860,,HAG,SkLearn
2020-01-21,3920,,HAG,SkLearn
2020-01-22,3980,,HAG,SkLearn
2020-01-30,3900,,HAG,SkLearn
2020-01-31,3640,,HAG,SkLearn
2020-02-03,3390,,HAG,SkLearn
2020-02-04,3270,,HAG,SkLearn
2020-02-05,3300,,HAG,SkLearn
2020-02-06,3530,,HAG,SkLearn
2020-02-07,3550,,HAG,SkLearn
2020-02-10,3440,,HAG,SkLearn
2020-02-11,3450,,HAG,SkLearn
2020-02-12,3580,,HAG,SkLearn
2020-02-13,3500,,HAG,SkLearn
2020-02-14,3490,,HAG,SkLearn
2020-02-17,3480,,HAG,SkLearn
2020-02-18,3500,,HAG,SkLearn
2020-02-19,3510,,HAG,SkLearn
2020-02-20,3490,,HAG,SkLearn
2020-02-21,3440,,HAG,SkLearn
2020-02-24,3200,,HAG,SkLearn
2020-02-25,3350,,HAG,SkLearn
2020-02-26,3260,,HAG,SkLearn
2020-02-27,3330,,HAG,SkLearn
2020-02-28,3270,,HAG,SkLearn
2020-03-02,3270,,HAG,SkLearn
2020-03-03,3310,,HAG,SkLearn
2020-03-04,3520,,HAG,SkLearn
2020-03-05,3480,,HAG,SkLearn
2020-03-06,3490,,HAG,SkLearn
2020-03-09,3250,,HAG,SkLearn
2020-03-10,3260,,HAG,SkLearn
2020-03-11,3180,,HAG,SkLearn
2020-03-12,3100,,HAG,SkLearn
2020-03-13,3090,,HAG,SkLearn
2020-03-16,3030,,HAG,SkLearn
2020-03-17,3020,,HAG,SkLearn
2020-03-18,3030,,HAG,SkLearn
2020-03-19,2980,,HAG,SkLearn
2020-03-20,2940,,HAG,SkLearn
2020-03-23,2740,,HAG,SkLearn
2020-03-24,2720,,HAG,SkLearn
2020-03-25,2710,,HAG,SkLearn
2020-03-26,2680,,HAG,SkLearn
2020-03-27,2660,,HAG,SkLearn
2020-03-30,2550,,HAG,SkLearn
2020-03-31,2550,,HAG,SkLearn
2020-04-01,2690,,HAG,SkLearn
2020-04-03,2810,,HAG,SkLearn
2020-04-06,3000,,HAG,SkLearn
2020-04-07,3100,,HAG,SkLearn
2020-04-08,3200,,HAG,SkLearn
2020-04-09,3200,,HAG,SkLearn
2020-04-10,3140,,HAG,SkLearn
2020-04-13,3130,,HAG,SkLearn
2020-04-14,3070,,HAG,SkLearn
2020-04-15,3110,,HAG,SkLearn
2020-04-16,3170,,HAG,SkLearn
2020-04-17,3170,,HAG,SkLearn
2020-04-20,3170,,HAG,SkLearn
2020-04-21,3120,,HAG,SkLearn
2020-04-22,3120,,HAG,SkLearn
2020-04-23,3160,,HAG,SkLearn
2020-04-24,3380,,HAG,SkLearn
2020-04-27,3500,,HAG,SkLearn
2020-04-28,3640,,HAG,SkLearn
2020-04-29,3600,,HAG,SkLearn
2020-05-04,3400,,HAG,SkLearn
2020-05-05,3460,,HAG,SkLearn
2020-05-06,3540,,HAG,SkLearn
2020-05-07,3550,,HAG,SkLearn
2020-05-08,3520,,HAG,SkLearn
2020-05-11,3760,,HAG,SkLearn
2020-05-12,3850,,HAG,SkLearn
2020-05-13,3860,,HAG,SkLearn
2020-05-14,3800,,HAG,SkLearn
2020-05-15,3880,,HAG,SkLearn
2020-05-18,3860,,HAG,SkLearn
2020-05-19,3890,,HAG,SkLearn
2020-05-20,4160,,HAG,SkLearn
2020-05-21,4140,,HAG,SkLearn
2020-05-22,4150,,HAG,SkLearn
2020-05-25,4160,,HAG,SkLearn
2020-05-26,4230,,HAG,SkLearn
2020-05-27,4170,,HAG,SkLearn
2020-05-28,4270,,HAG,SkLearn
2020-05-29,4560,,HAG,SkLearn
2020-06-01,4870,,HAG,SkLearn
2020-06-02,4800,,HAG,SkLearn
2020-06-03,4750,,HAG,SkLearn
2020-06-04,5080,,HAG,SkLearn
2020-06-05,5420,,HAG,SkLearn
2020-06-08,5750,,HAG,SkLearn
2020-06-09,5650,,HAG,SkLearn
2020-06-10,5800,,HAG,SkLearn
2020-06-11,5400,,HAG,SkLearn
2020-06-12,5200,,HAG,SkLearn
2020-06-15,4900,,HAG,SkLearn
2020-06-16,5190,,HAG,SkLearn
2020-06-17,5090,,HAG,SkLearn
2020-06-18,4970,,HAG,SkLearn
2020-06-19,5230,,HAG,SkLearn
2020-06-22,5190,,HAG,SkLearn
2020-06-23,5300,,HAG,SkLearn
2020-06-24,5220,,HAG,SkLearn
2020-06-25,5200,,HAG,SkLearn
2020-06-26,5110,,HAG,SkLearn
2020-06-29,5200,,HAG,SkLearn
2020-06-30,5200,,HAG,SkLearn
2020-07-01,5230,,HAG,SkLearn
2020-07-02,5230,,HAG,SkLearn
2020-07-03,5200,,HAG,SkLearn
2020-07-06,5150,,HAG,SkLearn
2020-07-07,5020,,HAG,SkLearn
2020-07-08,5000,,HAG,SkLearn
2020-07-09,5000,,HAG,SkLearn
2020-07-10,5050,,HAG,SkLearn
2020-07-13,5080,,HAG,SkLearn
2020-07-14,4890,,HAG,SkLearn
2020-07-15,4650,,HAG,SkLearn
2020-07-16,4680,,HAG,SkLearn
2020-07-17,4580,,HAG,SkLearn
2020-07-20,4370,,HAG,SkLearn
2020-07-21,4470,,HAG,SkLearn
2020-07-22,4300,,HAG,SkLearn
2020-07-23,4330,,HAG,SkLearn
2020-07-24,4030,,HAG,SkLearn
2020-07-27,3750,,HAG,SkLearn
2020-07-28,3860,,HAG,SkLearn
2020-07-29,3740,,HAG,SkLearn
2020-07-30,3730,,HAG,SkLearn
2020-07-31,3800,,HAG,SkLearn
2020-08-03,3870,,HAG,SkLearn
2020-08-04,3870,,HAG,SkLearn
2020-08-05,3930,,HAG,SkLearn
2020-08-06,4110,,HAG,SkLearn
2020-08-07,4060,,HAG,SkLearn
2020-08-10,4050,,HAG,SkLearn
2020-08-11,4050,,HAG,SkLearn
2020-08-12,4020,,HAG,SkLearn
2020-08-13,4120,,HAG,SkLearn
2020-08-14,4050,,HAG,SkLearn
2020-08-17,4010,,HAG,SkLearn
2020-08-18,4010,,HAG,SkLearn
2020-08-19,4290,,HAG,SkLearn
2020-08-20,4260,,HAG,SkLearn
2020-08-21,4280,,HAG,SkLearn
2020-08-24,4280,,HAG,SkLearn
2020-08-25,4210,,HAG,SkLearn
2020-08-26,4200,,HAG,SkLearn
2020-08-27,4340,,HAG,SkLearn
2020-08-28,4250,,HAG,SkLearn
2020-08-31,4260,,HAG,SkLearn
2020-09-01,4330,,HAG,SkLearn
2020-09-03,4310,,HAG,SkLearn
2020-09-04,4350,,HAG,SkLearn
2020-09-07,4600,,HAG,SkLearn
2020-09-08,4610,,HAG,SkLearn
2020-09-09,4830,,HAG,SkLearn
2020-09-10,4790,,HAG,SkLearn
2020-09-11,4900,,HAG,SkLearn
2020-09-14,4870,,HAG,SkLearn
2020-09-15,4670,,HAG,SkLearn
2020-09-16,4630,,HAG,SkLearn
2020-09-17,4720,,HAG,SkLearn
2020-09-18,4640,,HAG,SkLearn
2020-09-21,4590,,HAG,SkLearn
2020-09-22,4550,,HAG,SkLearn
2020-09-23,4600,,HAG,SkLearn
2020-09-24,4600,,HAG,SkLearn
2020-09-25,4570,,HAG,SkLearn
2020-09-28,4570,,HAG,SkLearn
2020-09-29,4560,,HAG,SkLearn
2020-09-30,4560,,HAG,SkLearn
2020-10-01,4550,,HAG,SkLearn
2020-10-02,4540,,HAG,SkLearn
2020-10-05,4710,,HAG,SkLearn
2020-10-06,4690,,HAG,SkLearn
2020-10-07,4850,,HAG,SkLearn
2020-10-08,4800,,HAG,SkLearn
2020-10-09,4680,,HAG,SkLearn
2020-10-12,4500,,HAG,SkLearn
2020-10-13,4640,,HAG,SkLearn
2020-10-14,4960,,HAG,SkLearn
2020-10-15,5030,,HAG,SkLearn
2020-10-16,4900,,HAG,SkLearn
2020-10-19,4910,,HAG,SkLearn
2020-10-20,4850,,HAG,SkLearn
2020-10-21,4750,,HAG,SkLearn
2020-10-22,4720,,HAG,SkLearn
2020-10-23,4870,,HAG,SkLearn
2020-10-26,4780,,HAG,SkLearn
2020-10-27,4650,,HAG,SkLearn
2020-10-28,4500,,HAG,SkLearn
2020-10-29,4450,,HAG,SkLearn
2020-10-30,4540,,HAG,SkLearn
2020-11-02,4650,,HAG,SkLearn
2020-11-03,4600,,HAG,SkLearn
2020-11-04,4620,,HAG,SkLearn
2020-11-05,4600,,HAG,SkLearn
2020-11-06,4570,,HAG,SkLearn
2020-11-09,4560,,HAG,SkLearn
2020-11-10,4520,,HAG,SkLearn
2020-11-11,4470,,HAG,SkLearn
2020-11-12,4460,,HAG,SkLearn
2020-11-13,4530,,HAG,SkLearn
2020-11-16,4530,,HAG,SkLearn
2020-11-17,4540,,HAG,SkLearn
2020-11-18,4480,,HAG,SkLearn
2020-11-19,4420,,HAG,SkLearn
2020-11-20,4550,,HAG,SkLearn
2020-11-23,4500,,HAG,SkLearn
2020-11-24,4450,,HAG,SkLearn
2020-11-25,4580,,HAG,SkLearn
2020-11-26,4770,,HAG,SkLearn
2020-11-27,4650,,HAG,SkLearn
2020-11-30,4520,,HAG,SkLearn
2020-12-01,4590,,HAG,SkLearn
2020-12-02,4530,,HAG,SkLearn
2020-12-03,4540,,HAG,SkLearn
2020-12-04,4690,,HAG,SkLearn
2020-12-07,4760,,HAG,SkLearn
2020-12-08,4690,,HAG,SkLearn
2020-12-09,4680,,HAG,SkLearn
2020-12-10,4740,,HAG,SkLearn
2020-12-11,4730,,HAG,SkLearn
2020-12-14,4810,,HAG,SkLearn
2020-12-15,4950,,HAG,SkLearn
2020-12-16,5200,,HAG,SkLearn
2020-12-17,5150,,HAG,SkLearn
2020-12-18,5190,,HAG,SkLearn
2020-12-21,5330,,HAG,SkLearn
2020-12-22,5370,,HAG,SkLearn
2020-12-23,5200,,HAG,SkLearn
2020-12-24,5130,,HAG,SkLearn
2020-12-25,5200,,HAG,SkLearn
2020-12-28,5410,,HAG,SkLearn
2020-12-29,5460,,HAG,SkLearn
2020-12-30,5280,,HAG,SkLearn
2020-12-31,5250,,HAG,SkLearn
2021-01-04,5290,,HAG,SkLearn
2021-01-05,5360,,HAG,SkLearn
2021-01-06,5280,,HAG,SkLearn
2021-01-07,5640,,HAG,SkLearn
2021-01-08,6030,,HAG,SkLearn
2021-01-11,6360,,HAG,SkLearn
2021-01-12,6270,,HAG,SkLearn
2021-01-13,6000,,HAG,SkLearn
2021-01-14,6070,,HAG,SkLearn
2021-01-15,6390,,HAG,SkLearn
2021-01-18,6300,,HAG,SkLearn
2021-01-19,5860,,HAG,SkLearn
2021-01-20,5700,,HAG,SkLearn
2021-01-21,6000,,HAG,SkLearn
2021-01-22,5800,,HAG,SkLearn
2021-01-25,5830,,HAG,SkLearn
2021-01-26,5530,,HAG,SkLearn
2021-01-27,5150,,HAG,SkLearn
2021-01-28,4790,,HAG,SkLearn
2021-01-29,4830,,HAG,SkLearn
2021-02-01,4500,,HAG,SkLearn
2021-02-02,4260,,HAG,SkLearn
2021-02-03,4450,,HAG,SkLearn
2021-02-04,4460,,HAG,SkLearn
2021-02-05,4560,,HAG,SkLearn
2021-02-08,4330,,HAG,SkLearn
2021-02-09,4560,,HAG,SkLearn
2021-02-17,4830,,HAG,SkLearn
2021-02-18,4850,,HAG,SkLearn
2021-02-19,4810,,HAG,SkLearn
2021-02-22,4790,,HAG,SkLearn
2021-02-23,4680,,HAG,SkLearn
2021-02-24,4620,,HAG,SkLearn
2021-02-25,4600,,HAG,SkLearn
2021-02-26,4700,,HAG,SkLearn
2021-03-01,4700,,HAG,SkLearn
2021-03-02,4710,,HAG,SkLearn
2021-03-03,4830,,HAG,SkLearn
2021-03-04,4800,,HAG,SkLearn
2021-03-05,4840,,HAG,SkLearn
2021-03-08,4850,,HAG,SkLearn
2021-03-09,5000,,HAG,SkLearn
2021-03-10,5140,,HAG,SkLearn
2021-03-11,5110,,HAG,SkLearn
2021-03-12,5060,,HAG,SkLearn
2021-03-15,5240,,HAG,SkLearn
2021-03-16,5230,,HAG,SkLearn
2021-03-17,5220,,HAG,SkLearn
2021-03-18,5220,,HAG,SkLearn
2021-03-19,5190,,HAG,SkLearn
2021-03-22,5260,,HAG,SkLearn
2021-03-23,5230,,HAG,SkLearn
2021-03-24,5190,,HAG,SkLearn
2021-03-25,5150,,HAG,SkLearn
2021-03-26,5130,,HAG,SkLearn
2021-03-29,5480,,HAG,SkLearn
2021-03-30,5590,,HAG,SkLearn
2021-03-31,5550,,HAG,SkLearn
2021-04-01,5580,,HAG,SkLearn
2021-04-02,5660,,HAG,SkLearn
2021-04-05,5660,,HAG,SkLearn
2021-04-06,5660,,HAG,SkLearn
2021-04-07,5720,,HAG,SkLearn
2021-04-08,5740,,HAG,SkLearn
2021-04-09,5830,,HAG,SkLearn
2021-04-12,6230,,HAG,SkLearn
2021-04-13,6090,,HAG,SkLearn
2021-04-14,6050,,HAG,SkLearn
2021-04-15,6090,,HAG,SkLearn
2021-04-16,5990,,HAG,SkLearn
2021-04-19,5920,,HAG,SkLearn
2021-04-20,5810,,HAG,SkLearn
2021-04-22,5410,,HAG,SkLearn
2021-04-23,5040,,HAG,SkLearn
2021-04-26,5330,,HAG,SkLearn
2021-04-27,5300,,HAG,SkLearn
2021-04-28,5400,,HAG,SkLearn
2021-04-29,5440,,HAG,SkLearn
2021-05-04,5280,,HAG,SkLearn
2021-05-05,5360,,HAG,SkLearn
2021-05-06,5360,,HAG,SkLearn
2021-05-07,5300,,HAG,SkLearn
2021-05-10,5250,,HAG,SkLearn
2021-05-11,5240,,HAG,SkLearn
2021-05-12,5600,,HAG,SkLearn
2021-05-13,5580,,HAG,SkLearn
2021-05-14,5570,,HAG,SkLearn
2021-05-17,5410,,HAG,SkLearn
2021-05-18,5290,,HAG,SkLearn
2021-05-19,5250,,HAG,SkLearn
2021-05-20,5180,,HAG,SkLearn
2021-05-21,5240,,HAG,SkLearn
2021-05-24,5220,,HAG,SkLearn
2021-05-25,5250,,HAG,SkLearn
2021-05-26,5350,,HAG,SkLearn
2021-05-27,5200,,HAG,SkLearn
2021-05-28,5220,,HAG,SkLearn
2021-05-31,5130,,HAG,SkLearn
2021-06-01,5110,,HAG,SkLearn
2021-06-02,5210,,HAG,SkLearn
2021-06-03,5260,,HAG,SkLearn
2021-06-04,5280,,HAG,SkLearn
2021-06-07,5380,,HAG,SkLearn
2021-06-08,5460,,HAG,SkLearn
2021-06-09,5490,,HAG,SkLearn
2021-06-10,5500,,HAG,SkLearn
2021-06-11,5490,,HAG,SkLearn
2021-06-14,5720,,HAG,SkLearn
2021-06-15,6010,,HAG,SkLearn
2021-06-16,6020,,HAG,SkLearn
2021-06-17,6000,,HAG,SkLearn
2021-06-18,6050,,HAG,SkLearn
2021-06-21,6200,,HAG,SkLearn
2021-06-22,6160,,HAG,SkLearn
2021-06-23,6110,,HAG,SkLearn
2021-06-24,6010,,HAG,SkLearn
2021-06-25,6000,,HAG,SkLearn
2021-06-28,6010,,HAG,SkLearn
2021-06-29,6040,,HAG,SkLearn
2021-06-30,5900,,HAG,SkLearn
2021-07-01,5800,,HAG,SkLearn
2021-07-02,5750,,HAG,SkLearn
2021-07-05,5550,,HAG,SkLearn
2021-07-06,5330,,HAG,SkLearn
2021-07-07,5200,,HAG,SkLearn
2021-07-08,5340,,HAG,SkLearn
2021-07-09,5220,,HAG,SkLearn
2021-07-12,4860,,HAG,SkLearn
2021-07-13,5100,,HAG,SkLearn
2021-07-14,5100,,HAG,SkLearn
2021-07-15,5110,,HAG,SkLearn
2021-07-16,5090,,HAG,SkLearn
2021-07-19,4910,,HAG,SkLearn
2021-07-20,4960,,HAG,SkLearn
2021-07-21,4950,,HAG,SkLearn
2021-07-22,5050,,HAG,SkLearn
2021-07-23,4900,5019.438038796427,HAG,SkLearn
2021-07-26,4780,4890.610586333893,HAG,SkLearn
2021-07-27,5000,4759.5448963121235,HAG,SkLearn
2021-07-28,5000,5008.1365404214675,HAG,SkLearn
2021-07-29,5040,5012.301523550565,HAG,SkLearn
2021-07-30,5010,5017.930030420402,HAG,SkLearn
2021-08-02,5040,5023.719053840607,HAG,SkLearn
2021-08-03,5090,5016.787812545179,HAG,SkLearn
2021-08-04,5150,5132.322295505693,HAG,SkLearn
2021-08-05,5460,5174.124358239585,HAG,SkLearn
2021-08-06,5450,5474.920769196113,HAG,SkLearn
2021-08-09,5400,5457.854754289236,HAG,SkLearn
2021-08-10,5390,5406.911678914485,HAG,SkLearn
2021-08-11,5360,5407.333025458711,HAG,SkLearn
2021-08-12,5250,5375.156111537089,HAG,SkLearn
2021-08-13,5200,5284.558553653727,HAG,SkLearn
2021-08-16,5160,5189.073209965951,HAG,SkLearn
2021-08-17,5270,5158.498284136339,HAG,SkLearn
2021-08-18,5250,5302.512291468734,HAG,SkLearn
2021-08-19,5110,5234.685740229927,HAG,SkLearn
2021-08-20,5110,5140.40811600704,HAG,SkLearn
2021-08-23,5000,5147.513747744289,HAG,SkLearn
2021-08-24,5000,5040.81792586098,HAG,SkLearn
2021-08-25,5000,5015.435981455713,HAG,SkLearn
2021-08-26,5020,5014.720672433071,HAG,SkLearn
2021-08-27,5050,5007.58675311031,HAG,SkLearn
2021-08-30,5050,5007.245697688297,HAG,SkLearn
2021-08-31,5100,5021.697922951386,HAG,SkLearn
2021-09-01,5130,5147.6328986405615,HAG,SkLearn
2021-09-06,5180,5164.864335174409,HAG,SkLearn
2021-09-07,5100,5192.92453830144,HAG,SkLearn
2021-09-08,5040,5190.75978859429,HAG,SkLearn
2021-09-09,5070,5028.889390622007,HAG,SkLearn
2021-09-10,4980,5065.599070737873,HAG,SkLearn
2021-09-13,5100,4985.395396191849,HAG,SkLearn
2021-09-14,5010,5127.965677011872,HAG,SkLearn
2021-09-15,5010,5014.193137492529,HAG,SkLearn
2021-09-16,5000,4976.25637118098,HAG,SkLearn
2021-09-17,5150,4986.062654463904,HAG,SkLearn
2021-09-20,5200,5148.910316143253,HAG,SkLearn
2021-09-21,5130,5184.287298103482,HAG,SkLearn
2021-09-22,5480,5182.192851643456,HAG,SkLearn
2021-09-23,5240,5494.589849155059,HAG,SkLearn
2021-09-24,5240,5269.16353615025,HAG,SkLearn
2021-09-27,5010,5281.4596698850855,HAG,SkLearn
2021-09-28,5060,5019.3254094693875,HAG,SkLearn
2021-09-29,5070,5036.761388679795,HAG,SkLearn
2021-09-30,5060,5061.1685442821445,HAG,SkLearn
2021-10-01,5000,5031.761535628381,HAG,SkLearn
2021-10-04,5000,4993.302924331726,HAG,SkLearn
2021-10-05,5010,4998.699342995099,HAG,SkLearn
2021-10-06,5030,5016.564796712862,HAG,SkLearn
2021-10-07,5040,5003.922546570558,HAG,SkLearn
2021-10-08,5090,5002.686602255704,HAG,SkLearn
2021-10-11,5040,5121.419953230662,HAG,SkLearn
2021-10-12,5020,5036.729452236482,HAG,SkLearn
2021-10-13,5040,4979.620267671724,HAG,SkLearn
2021-10-14,5200,4994.015174978646,HAG,SkLearn
2021-10-15,5100,5164.8473587232365,HAG,SkLearn
2021-10-18,5070,5152.402338349402,HAG,SkLearn
2021-10-19,5040,5096.159083167994,HAG,SkLearn
2021-10-20,5040,4987.010811531946,HAG,SkLearn
2021-10-21,5080,4998.207195050235,HAG,SkLearn
2021-10-22,5050,5071.067660586799,HAG,SkLearn
2021-10-25,5050,4994.202834213377,HAG,SkLearn
2021-10-26,5030,4982.417269971569,HAG,SkLearn
2021-10-27,5040,4979.710135385238,HAG,SkLearn
2021-10-28,5160,4990.225440114531,HAG,SkLearn
2021-10-29,5150,5149.79940583938,HAG,SkLearn
2021-11-01,5510,5172.577126824124,HAG,SkLearn
2021-11-02,5560,5498.010130739637,HAG,SkLearn
2021-11-03,5360,5511.775367676004,HAG,SkLearn
2021-11-04,5370,5382.217227488581,HAG,SkLearn
2021-11-05,5740,5383.3941179643825,HAG,SkLearn
2021-11-08,6140,5759.955142473277,HAG,SkLearn
2021-11-09,6560,6109.001189132875,HAG,SkLearn
2021-11-10,6700,6423.632623553517,HAG,SkLearn
2021-11-11,7130,6791.591965097337,HAG,SkLearn
2021-11-12,7620,7078.047971699962,HAG,SkLearn
2021-11-15,8150,7512.38316266789,HAG,SkLearn
2021-11-16,8280,7967.898095570945,HAG,SkLearn
2021-11-17,8200,8264.740116621882,HAG,SkLearn
2021-11-18,8610,8145.843130569313,HAG,SkLearn
2021-11-19,8010,8441.356129730391,HAG,SkLearn
2021-11-22,7450,8062.564098993153,HAG,SkLearn
2021-11-23,7150,7550.144805299581,HAG,SkLearn
2021-11-24,7060,7198.458392981222,HAG,SkLearn
2021-11-25,7500,7051.88842550267,HAG,SkLearn
2021-11-26,7200,7360.6324096540975,HAG,SkLearn
2021-11-29,7700,7170.779746964613,HAG,SkLearn
2021-11-30,8230,7572.190564789712,HAG,SkLearn
2021-12-01,8700,8214.206838039772,HAG,SkLearn
2021-12-02,8800,8613.6392058697,HAG,SkLearn
2021-12-03,8800,8799.077774123467,HAG,SkLearn
2021-12-06,8630,8815.649998346258,HAG,SkLearn
2021-12-07,9230,8658.026694504497,HAG,SkLearn
2021-12-08,9870,9115.251404340215,HAG,SkLearn
2021-12-09,10200,9433.7955627645,HAG,SkLearn
2021-12-10,10550,9485.348487141804,HAG,SkLearn
2021-12-13,11250,9495.997688236726,HAG,SkLearn
2021-12-14,12000,9485.821614756427,HAG,SkLearn
2021-12-15,12200,9463.227110148018,HAG,SkLearn
2021-12-16,13050,9455.378773624483,HAG,SkLearn
2021-12-17,12150,9446.161321423138,HAG,SkLearn
2021-12-20,12750,9432.483843680848,HAG,SkLearn
2021-12-21,13600,9422.465782895695,HAG,SkLearn
2021-12-22,14500,9421.788006371145,HAG,SkLearn
2021-12-23,14900,9421.788006371145,HAG,SkLearn
2021-12-24,14200,9421.788006371145,HAG,SkLearn
2021-12-27,14500,9421.788006371145,HAG,SkLearn
2021-12-28,13550,9421.788006371145,HAG,SkLearn
2021-12-29,14450,9421.788006371145,HAG,SkLearn
2021-12-30,14250,9421.788006371145,HAG,SkLearn
2021-12-31,13300,9421.788006371145,HAG,SkLearn
2022-01-04,13000,9421.788006371145,HAG,SkLearn
2022-01-05,13900,9421.788006371145,HAG,SkLearn
2022-01-06,14200,9421.788006371145,HAG,SkLearn
2022-01-07,14300,9421.788006371145,HAG,SkLearn
2022-01-10,15300,9421.788006371145,HAG,SkLearn
2022-01-11,15250,9421.788006371145,HAG,SkLearn
2022-01-12,14850,9421.788006371145,HAG,SkLearn
2022-01-13,14000,9421.788006371145,HAG,SkLearn
2022-01-14,14950,9421.788006371145,HAG,SkLearn
2022-01-17,15650,9421.788006371145,HAG,SkLearn
2022-01-18,14900,9421.788006371145,HAG,SkLearn
2022-01-19,13900,9421.788006371145,HAG,SkLearn
2022-01-20,13400,9421.788006371145,HAG,SkLearn
2022-01-21,13650,9421.788006371145,HAG,SkLearn
2022-01-24,12700,9421.788006371145,HAG,SkLearn
2022-01-25,11850,9421.788006371145,HAG,SkLearn
2022-01-26,12650,9421.788006371145,HAG,SkLearn
2022-01-27,12650,9421.788006371145,HAG,SkLearn
2022-01-28,11800,9421.788006371145,HAG,SkLearn
2022-02-07,11800,9421.788006371145,HAG,SkLearn
2022-02-08,12200,9421.788006371145,HAG,SkLearn
2022-02-09,12450,9421.788006371145,HAG,SkLearn
2022-02-10,12650,9421.788006371145,HAG,SkLearn
2022-02-11,12400,9421.788006371145,HAG,SkLearn
2022-02-14,11550,9421.788006371145,HAG,SkLearn
2022-02-15,11650,9421.788006371145,HAG,SkLearn
2022-02-16,11100,9421.788006371145,HAG,SkLearn
2022-02-17,11150,9421.788006371145,HAG,SkLearn
2022-02-18,11000,9421.788006371145,HAG,SkLearn
2022-02-21,11300,9421.788006371145,HAG,SkLearn
2022-02-22,11500,9421.788006371145,HAG,SkLearn
2022-02-23,11250,9421.788006371145,HAG,SkLearn
2022-02-24,10500,9421.788006371145,HAG,SkLearn
2022-02-25,10200,9421.788006371145,HAG,SkLearn
2022-02-28,10250,9421.788006371145,HAG,SkLearn
2022-03-01,10950,9421.788006371145,HAG,SkLearn
2022-03-02,11250,9421.788006371145,HAG,SkLearn
2022-03-03,11150,9421.788006371145,HAG,SkLearn
2022-03-04,11900,9421.788006371145,HAG,SkLearn
2022-03-07,12500,9421.788006371145,HAG,SkLearn
2022-03-08,11700,9421.788006371145,HAG,SkLearn
2022-03-09,11950,9421.788006371145,HAG,SkLearn
2022-03-10,12150,9421.788006371145,HAG,SkLearn
2022-03-11,12400,9421.788006371145,HAG,SkLearn
2022-03-14,11700,9421.788006371145,HAG,SkLearn
2022-03-15,11750,9421.788006371145,HAG,SkLearn
2022-03-16,11500,9421.788006371145,HAG,SkLearn
2022-03-17,12100,9421.788006371145,HAG,SkLearn
2022-03-18,11950,9421.788006371145,HAG,SkLearn
2022-03-21,12300,9421.788006371145,HAG,SkLearn
2022-03-22,13150,9421.788006371145,HAG,SkLearn
2022-03-23,13150,9421.788006371145,HAG,SkLearn
2022-03-24,13350,9421.788006371145,HAG,SkLearn
2022-03-25,13150,9421.788006371145,HAG,SkLearn
2022-03-28,13300,9421.788006371145,HAG,SkLearn
2022-03-29,13400,9421.788006371145,HAG,SkLearn
2022-03-30,13650,9421.788006371145,HAG,SkLearn
2022-03-31,13100,9421.788006371145,HAG,SkLearn
2022-04-01,13150,9421.788006371145,HAG,SkLearn
2022-04-04,13350,9421.788006371145,HAG,SkLearn
2022-04-05,13200,9421.788006371145,HAG,SkLearn
2022-04-06,13250,9421.788006371145,HAG,SkLearn
2022-04-07,13300,9421.788006371145,HAG,SkLearn
2022-04-08,12400,9421.788006371145,HAG,SkLearn
2022-04-12,11550,9421.788006371145,HAG,SkLearn
2022-04-13,12150,9421.788006371145,HAG,SkLearn
2022-04-14,11300,9421.788006371145,HAG,SkLearn
2022-04-15,12050,9421.788006371145,HAG,SkLearn
2022-04-18,11600,9421.788006371145,HAG,SkLearn
2022-04-19,10850,9421.788006371145,HAG,SkLearn
2022-04-20,10100,9421.788006371145,HAG,SkLearn
2022-04-21,10100,9421.788006371145,HAG,SkLearn
2022-04-22,9800,9421.788006371145,HAG,SkLearn
2022-04-25,9120,9421.788006371145,HAG,SkLearn
2022-04-26,9740,9079.878117217228,HAG,SkLearn
2022-05-04,9920,9398.713768816591,HAG,SkLearn
2022-05-05,9990,9421.661832618598,HAG,SkLearn
2022-05-06,9400,9430.35367270694,HAG,SkLearn
2022-05-09,8750,9365.709842781293,HAG,SkLearn
2022-05-10,9060,8807.583846114077,HAG,SkLearn
2022-05-11,8960,9010.449167887477,HAG,SkLearn
2022-05-12,8340,8893.518771914221,HAG,SkLearn
2022-05-13,7760,8472.61301616768,HAG,SkLearn
2022-05-16,8050,8005.486426351155,HAG,SkLearn
2022-05-17,8610,8053.841968152303,HAG,SkLearn
2022-05-18,9000,8444.63039328331,HAG,SkLearn
2022-05-19,9030,8773.39236630761,HAG,SkLearn
2022-05-23,8810,8959.346131880216,HAG,SkLearn
2022-05-24,8720,8847.559143857241,HAG,SkLearn
2022-05-25,9300,8720.921034520235,HAG,SkLearn
2022-05-26,9080,9258.788259661309,HAG,SkLearn
2022-05-27,9410,9080.025568709405,HAG,SkLearn
2022-05-30,9360,9397.317315303824,HAG,SkLearn
2022-05-31,9220,9421.259618247836,HAG,SkLearn
2022-06-01,9250,9212.311067198785,HAG,SkLearn
2022-06-02,8900,9330.258736185622,HAG,SkLearn
2022-06-03,8720,8902.501629442022,HAG,SkLearn
2022-06-06,8500,8723.03433410957,HAG,SkLearn
2022-06-07,8450,8530.414050983964,HAG,SkLearn
2022-06-08,8750,8450.983130378785,HAG,SkLearn
2022-06-09,8560,8684.85381791092,HAG,SkLearn
2022-06-10,8190,8556.627780590034,HAG,SkLearn
2022-06-13,7620,8246.692514551998,HAG,SkLearn
2022-06-14,7830,7811.598143571555,HAG,SkLearn
2022-06-15,7550,7867.714575457998,HAG,SkLearn
2022-06-16,7500,7655.621004056576,HAG,SkLearn
2022-06-17,6980,7395.596740278855,HAG,SkLearn
2022-06-20,7200,7083.242206472489,HAG,SkLearn
2022-06-21,7700,7135.245715395388,HAG,SkLearn
2022-06-22,8000,7572.4323885251815,HAG,SkLearn
2022-06-23,8240,7886.547913440206,HAG,SkLearn
2022-06-24,8080,8245.912827702698,HAG,SkLearn
2022-06-27,8640,8006.367097059959,HAG,SkLearn
2022-06-28,8640,8508.849716293356,HAG,SkLearn
2022-06-29,8600,8588.347349522552,HAG,SkLearn
2022-06-30,8320,8504.640188458607,HAG,SkLearn
2022-07-01,8900,8314.283979295398,HAG,SkLearn
2022-07-04,9520,8792.712939600142,HAG,SkLearn
2022-07-05,9420,9284.865608331645,HAG,SkLearn
2022-07-06,9650,9409.832970155543,HAG,SkLearn
2022-07-07,9700,9490.862980110891,HAG,SkLearn
2022-07-08,9620,9489.351524731645,HAG,SkLearn
2022-07-11,10250,9472.323795651897,HAG,SkLearn
2022-07-12,10500,9471.546291321732,HAG,SkLearn
2022-07-13,11000,9472.642535979041,HAG,SkLearn
2022-07-14,10900,9460.841770141802,HAG,SkLearn
2022-07-15,11050,9427.366621362393,HAG,SkLearn
2022-07-18,11700,9422.465782895695,HAG,SkLearn
2022-07-19,11650,9422.465782895695,HAG,SkLearn
2022-07-20,10850,9421.788006371145,HAG,SkLearn
2022-07-21,11100,9421.788006371145,HAG,SkLearn
2022-07-22,10850,9421.788006371145,HAG,SkLearn
2022-07-25,11400,9421.788006371145,HAG,SkLearn
2022-07-26,11000,9421.788006371145,HAG,SkLearn
2022-07-27,11300,9421.788006371145,HAG,SkLearn
2022-07-28,11000,9421.788006371145,HAG,SkLearn
2022-07-29,11150,9421.788006371145,HAG,SkLearn
2022-08-01,11350,9421.788006371145,HAG,SkLearn
2022-08-02,12100,9421.788006371145,HAG,SkLearn
2022-08-03,12300,9421.788006371145,HAG,SkLearn
2022-08-04,12350,9421.788006371145,HAG,SkLearn
2022-08-05,12450,9421.788006371145,HAG,SkLearn
2022-08-08,11850,9421.788006371145,HAG,SkLearn
2022-08-09,12050,9421.788006371145,HAG,SkLearn
2022-08-10,11700,9421.788006371145,HAG,SkLearn
2022-08-11,12200,9421.788006371145,HAG,SkLearn
2022-08-12,11950,9421.788006371145,HAG,SkLearn
2022-08-15,12350,9421.788006371145,HAG,SkLearn
2022-08-16,12300,9421.788006371145,HAG,SkLearn
2022-08-17,11900,9421.788006371145,HAG,SkLearn
2022-08-18,11650,9421.788006371145,HAG,SkLearn
2022-08-19,11650,9421.788006371145,HAG,SkLearn
2022-08-22,12400,9421.788006371145,HAG,SkLearn
2022-08-23,12350,9421.788006371145,HAG,SkLearn
2022-08-24,12650,9421.788006371145,HAG,SkLearn
2022-08-25,12600,9421.788006371145,HAG,SkLearn
2022-08-26,12750,9421.788006371145,HAG,SkLearn
2022-08-29,13050,9421.788006371145,HAG,SkLearn
2022-08-30,12950,9421.788006371145,HAG,SkLearn
2022-08-31,12950,9421.788006371145,HAG,SkLearn
2022-09-05,12950,9421.788006371145,HAG,SkLearn
2022-09-06,12450,9421.788006371145,HAG,SkLearn
2022-09-07,12350,9421.788006371145,HAG,SkLearn
2022-09-08,11900,9421.788006371145,HAG,SkLearn
2022-09-09,12400,9421.788006371145,HAG,SkLearn
2022-09-12,12800,9421.788006371145,HAG,SkLearn
2022-09-13,12850,9421.788006371145,HAG,SkLearn
2022-09-14,13700,9421.788006371145,HAG,SkLearn
2022-09-15,13600,9421.788006371145,HAG,SkLearn
2022-09-16,13600,9421.788006371145,HAG,SkLearn
2022-09-19,13850,9421.788006371145,HAG,SkLearn
2022-09-20,13850,9421.788006371145,HAG,SkLearn
2022-09-21,13650,9421.788006371145,HAG,SkLearn
2022-09-22,13850,9421.788006371145,HAG,SkLearn
2022-09-23,13900,9421.788006371145,HAG,SkLearn
2022-09-26,13700,9421.788006371145,HAG,SkLearn
2022-09-27,13450,9421.788006371145,HAG,SkLearn
2022-09-28,12550,9421.788006371145,HAG,SkLearn
2022-09-29,12400,9421.788006371145,HAG,SkLearn
2022-09-30,13250,9421.788006371145,HAG,SkLearn
2022-10-03,12350,9421.788006371145,HAG,SkLearn
2022-10-04,11800,9421.788006371145,HAG,SkLearn
2022-10-05,12400,9421.788006371145,HAG,SkLearn
2022-10-06,11550,9421.788006371145,HAG,SkLearn
2022-10-07,10750,9421.788006371145,HAG,SkLearn
2022-10-10,11100,9421.788006371145,HAG,SkLearn
2022-10-11,10350,9421.788006371145,HAG,SkLearn
2022-10-12,9630,9421.788006371145,HAG,SkLearn
2022-10-13,9900,9421.788006371145,HAG,SkLearn
2022-10-14,10050,9421.788006371145,HAG,SkLearn
2022-10-17,9460,9421.788006371145,HAG,SkLearn
2022-10-18,9780,9376.453444838715,HAG,SkLearn
2022-10-19,9540,9421.312229556419,HAG,SkLearn
2022-10-20,9050,9421.726978935978,HAG,SkLearn
2022-10-21,8500,9053.619348257882,HAG,SkLearn
2022-10-24,8830,8597.633848430178,HAG,SkLearn
2022-10-25,9030,8793.653906673773,HAG,SkLearn
2022-10-26,8700,8993.84369989889,HAG,SkLearn
2022-10-27,9300,8722.605098453678,HAG,SkLearn
2022-10-28,9100,9191.186428586394,HAG,SkLearn
2022-10-31,8660,9041.470758472904,HAG,SkLearn
2022-11-01,8760,8715.182776551235,HAG,SkLearn
2022-11-02,8990,8750.693539227404,HAG,SkLearn
2022-11-03,8800,8929.061662456676,HAG,SkLearn
2022-11-04,8290,8811.606533752556,HAG,SkLearn
2022-11-07,7710,8439.770771353875,HAG,SkLearn
2022-11-08,7800,7923.724438888674,HAG,SkLearn
2022-11-09,7900,7909.19549088365,HAG,SkLearn
2022-11-10,7350,7958.649622081644,HAG,SkLearn
2022-11-11,6840,7366.027388439463,HAG,SkLearn
2022-11-14,6370,6981.719635508823,HAG,SkLearn
2022-11-15,5930,6443.385837571621,HAG,SkLearn
2022-11-16,6340,6055.692846299404,HAG,SkLearn
2022-11-17,6780,6287.619040971314,HAG,SkLearn
2022-11-18,7250,6689.134329455106,HAG,SkLearn
2022-11-21,7750,7168.27669425399,HAG,SkLearn
2022-11-22,7800,7730.39542240416,HAG,SkLearn
2022-11-23,7350,7792.246799544093,HAG,SkLearn
2022-11-24,7860,7390.167184869195,HAG,SkLearn
2022-11-25,8410,,HAG,SkLearn
